[
    {
        "name": "tecnickcom/tcpdf",
        "version": "6.2.13",
        "version_normalized": "6.2.13.0",
        "source": {
            "type": "git",
            "url": "https://github.com/tecnickcom/TCPDF.git",
            "reference": "95c5938aafe4b20df1454dbddb3e5005c0b26f64"
        },
        "dist": {
            "type": "zip",
            "url": "https://api.github.com/repos/tecnickcom/TCPDF/zipball/95c5938aafe4b20df1454dbddb3e5005c0b26f64",
            "reference": "95c5938aafe4b20df1454dbddb3e5005c0b26f64",
            "shasum": ""
        },
        "require": {
            "php": ">=5.3.0"
        },
        "time": "2017-04-26T08:14:48+00:00",
        "type": "library",
        "installation-source": "dist",
        "autoload": {
            "classmap": [
                "config",
                "include",
                "tcpdf.php",
                "tcpdf_parser.php",
                "tcpdf_import.php",
                "tcpdf_barcodes_1d.php",
                "tcpdf_barcodes_2d.php",
                "include/tcpdf_colors.php",
                "include/tcpdf_filters.php",
                "include/tcpdf_font_data.php",
                "include/tcpdf_fonts.php",
                "include/tcpdf_images.php",
                "include/tcpdf_static.php",
                "include/barcodes/datamatrix.php",
                "include/barcodes/pdf417.php",
                "include/barcodes/qrcode.php"
            ]
        },
        "notification-url": "https://packagist.org/downloads/",
        "license": [
            "LGPLv3"
        ],
        "authors": [
            {
                "name": "Nicola Asuni",
                "email": "info@tecnick.com",
                "homepage": "http://nicolaasuni.tecnick.com"
            }
        ],
        "description": "TCPDF is a PHP class for generating PDF documents and barcodes.",
        "homepage": "http://www.tcpdf.org/",
        "keywords": [
            "PDFD32000-2008",
            "TCPDF",
            "barcodes",
            "datamatrix",
            "pdf",
            "pdf417",
            "qrcode"
        ]
    },
    {
        "name": "setasign/fpdi",
        "version": "v2.0.1",
        "version_normalized": "2.0.1.0",
        "source": {
            "type": "git",
            "url": "https://github.com/Setasign/FPDI.git",
            "reference": "879dd95cd6b258ba5b062624723ef16c954f2b17"
        },
        "dist": {
            "type": "zip",
            "url": "https://api.github.com/repos/Setasign/FPDI/zipball/879dd95cd6b258ba5b062624723ef16c954f2b17",
            "reference": "879dd95cd6b258ba5b062624723ef16c954f2b17",
            "shasum": ""
        },
        "require": {
            "ext-zlib": "*",
            "php": "^5.6 || ^7.0"
        },
        "require-dev": {
            "phpunit/phpunit": "~5.7",
            "setasign/fpdf": "~1.8",
            "tecnickcom/tcpdf": "~6.2"
        },
        "suggest": {
            "setasign/fpdf": "FPDI will extend this class but as it is also possible to use \"tecnickcom/tcpdf\" as an alternative there's no fixed dependency configured.",
            "setasign/fpdi-fpdf": "Use this package to automatically evaluate dependencies to FPDF.",
            "setasign/fpdi-tcpdf": "Use this package to automatically evaluate dependencies to TCPDF."
        },
        "time": "2017-11-13T15:12:36+00:00",
        "type": "library",
        "installation-source": "dist",
        "autoload": {
            "psr-4": {
                "setasign\\Fpdi\\": "src/"
            }
        },
        "notification-url": "https://packagist.org/downloads/",
        "license": [
            "MIT"
        ],
        "authors": [
            {
                "name": "Jan Slabon",
                "email": "jan.slabon@setasign.com",
                "homepage": "https://www.setasign.com"
            },
            {
                "name": "Maximilian Kresse",
                "email": "maximilian.kresse@setasign.com",
                "homepage": "https://www.setasign.com"
            }
        ],
        "description": "FPDI is a collection of PHP classes facilitating developers to read pages from existing PDF documents and use them as templates in FPDF. Because it is also possible to use FPDI with TCPDF, there are no fixed dependencies defined. Please see suggestions for packages which evaluates the dependencies automatically.",
        "homepage": "https://www.setasign.com/fpdi",
        "keywords": [
            "fpdf",
            "fpdi",
            "pdf"
        ]
    }
]
